ID,Tiêu đề,Slug,Mô tả ngắn,Nội dung,Tác giả,Ngày đăng,Danh mục,Hình ảnh,Tags
1,Xe Đồng Nai Sài Gòn: Thông tin giá vé và số điện thoại,xe-dong-nai-sai-gon,"Tuyến đường từ Đồng Nai đến TP. Hồ Chí Minh dài khoảng 100km, là lựa chọn phù hợp cho các hành khách cần di chuyển giữa hai thành phố lớn.","Tuyến đường từ Đồng Nai đến TP. Hồ Chí Minh dài khoảng 100km.

GIÁ VÉ:
- Ghế ngồi: 110.000 - 120.000 VNĐ
- Giường nằm: 150.000 - 180.000 VNĐ

THỜI GIAN DI CHUYỂN:
- Khoảng 1.5 - 2 giờ tùy điều kiện giao thông

ĐIỂM ĐÓN TRẢ KHÁCH:
- Đồng Nai: Bến xe Long Khánh, Xuân Lộc
- Sài Gòn: Bến xe Miền Đông, các điểm trung tâm

LIÊN HỆ ĐẶT VÉ:
- Hotline: 0251 999 9975
- Website: xevocucphuong.com",Võ Cúc Phương,2025-11-07,Tin tức,gioithieu.jpg,"Đồng Nai, Sài Gòn, Giá vé, Lịch trình"
2,"[BÀI MẪU] Điền thông tin vào đây","[viet-khong-dau-dung-dau-gach-ngang]","[Viết 1-2 câu tóm tắt ngắn gọn về bài viết]","[Viết nội dung đầy đủ ở đây

Có thể xuống dòng bình thường
Viết như trong Word

GHI CHÚ:
- Dùng CHỮ IN HOA cho tiêu đề quan trọng
- Dùng dấu gạch đầu dòng -
- Dùng emoji để sinh động 🎉

LIÊN HỆ:
- Hotline: 0251 999 9975]","[Tên người viết]",2025-11-07,"[Chọn 1: Tin tức / Hướng dẫn / Khuyến mãi / Chính sách]","[ten-file-anh.jpg]","[tag1, tag2, tag3]"
